appointment_id,patient_id,client_id,location_id,appointment_type,scheduled_at,status,provider_id,invoice_total,created_at
A0252,P0177,C0125,LOC02,Recheck,2024-07-25 18:00:00,,DR-09,542.87,2024-07-12T18:00:00Z
A0015,P0009,C0107,LOC01,Vaccination,07-02-2025 16:15,Completed,DR-05,"$1,381.60",2025-02-01T16:15:00Z
A0006,P0045,C0126,LOC04,Recheck,2024-10-21T19:45:00Z,Completed,DR-06,1175.79,2024-10-02T19:45:00Z
A0267,P0152,C0095,LOC06,Dental,20-09-2024 08:00,Scheduled,DR-04,,2024-09-09T08:00:00Z
A0154,P0180,C0083,LOC02,Urgent Care,2024-06-22T19:00:00Z,Completed,DR-08,$364,2024-06-10T19:00:00Z
A0043,P0047,C0046,LOC08,Vaccination,24-06-2024 13:45,Completed,DR-11,"$1,431.10",2024-06-22T13:45:00Z
A0268,P0189,C0043,LOC04,Dental,2024-04-27 19:00:00,Completed,DR-04,139,2024-04-25T19:00:00Z
A0179,P0003,C0094,LOC07,Sick Visit,25-05-2024 10:30,Completed,DR-05,$973,2024-05-13T10:30:00Z
A0243,P0167,C0003,LOC06,Vaccination,19-02-2024 15:30,Scheduled,DR-05,,2024-02-10T15:30:00Z
A0117,P0164,C0032,LOC08,Wellness,05/26/2024 6:00 PM,Scheduled,DR-04,"1,352",2024-05-19T18:00:00Z
A0192,P0011,C0103,LOC07,Sick Visit,2024-10-31 15:00:00,Completed,DR-01,824,2024-10-29T15:00:00Z
A0198,P0001,C0113,LOC01,Dental,2024-11-16T09:00:00Z,Scheduled,DR-08,$804.05,2024-10-31T09:00:00Z
A0107,P0043,C0136,LOC08,Recheck,03-11-2024 09:15,Cancelled,DR-10,,2024-10-21T09:15:00Z
A0276,P0001,C0121,LOC07,Sick Visit,2024-04-04 19:30:00,Cancelled,DR-06,,2024-03-25T19:30:00Z
A0060,P0159,C0036,LOC07,Sick Visit,2024-04-24 17:30:00,Completed,DR-12,$386.74,2024-04-11T17:30:00Z
A0222,P0033,C0088,LOC02,Dental,2024-08-24T09:30:00Z,NoShow,DR-12,,2024-08-13T09:30:00Z
A0027,P0037,C0013,LOC01,Dental,19-10-2024 16:45,Completed,DR-06,"$1,012.08",2024-10-03T16:45:00Z
A0149,P0065,C0033,LOC01,Wellness,02/06/2024 3:45 PM,Completed,DR-12,387.28,2024-01-22T15:45:00Z
A0125,P0068,C0114,LOC04,Urgent Care,09/12/2024 6:15 PM,Completed,DR-04,"$1,218.41",2024-09-08T18:15:00Z
A0189,P0100,C0091,LOC08,Urgent Care,03/09/2024 3:45 PM,Cancelled,DR-03,,2024-03-07T15:45:00Z
A0285,P0074,C0069,LOC03,Vaccination,03/28/2024 7:30 PM,Completed,DR-05,$680.14,2024-03-22T19:30:00Z
A0067,P0101,C0086,LOC08,Urgent Care,24-02-2024 11:15,Completed,DR-12,513.18,2024-02-22T11:15:00Z
A0001,P0045,C0075,LOC04,Urgent Care,01/05/2025 1:45 PM,Completed,DR-05,$430,2025-01-03T13:45:00Z
A0083,P0198,C0085,LOC08,Dental,16-07-2024 11:30,Completed,DR-01,454.45,2024-07-05T11:30:00Z
A0292,P0131,C0131,LOC06,Dental,2024-09-19 13:15:00,Completed,DR-03,"1,048",2024-09-06T13:15:00Z
A0248,P0100,C0084,LOC01,Vaccination,2024-05-11 09:00:00,Completed,DR-05,$286.77,2024-05-04T09:00:00Z
A0092,P0026,C0118,LOC08,Vaccination,2024-08-24 17:00:00,Completed,DR-06,216.42,2024-08-20T17:00:00Z
A0203,P0157,C0131,LOC02,Recheck,17-06-2024 15:45,Completed,DR-12,"1,421",2024-06-14T15:45:00Z
A0221,P0117,C0057,LOC01,Wellness,04/03/2024 6:30 PM,NoShow,DR-08,,2024-03-18T18:30:00Z
A0244,P0062,C0034,LOC06,Sick Visit,2024-12-01 16:45:00,Completed,DR-12,"$1,440.40",2024-11-30T16:45:00Z
A0223,P0103,C0043,LOC04,Recheck,11-10-2024 17:00,NoShow,DR-04,,2024-09-25T17:00:00Z
A0197,P0197,C0054,LOC07,Vaccination,06/20/2024 4:15 PM,Completed,DR-05,$1068,2024-06-10T16:15:00Z
A0144,P0097,C0073,LOC05,Wellness,2024-07-21 10:15:00,Cancelled,DR-07,,2024-07-04T10:15:00Z
A0013,P0187,C0084,LOC08,Wellness,06/12/2024 9:00 AM,NoShow,DR-05,,2024-06-09T09:00:00Z
A0184,P0155,C0090,LOC08,Recheck,2024-08-01 10:15:00,Completed,DR-03,$327.56,2024-07-14T10:15:00Z
A0089,P0076,C0149,LOC05,Sick Visit,04/22/2024 9:45 AM,NoShow,DR-12,,2024-04-21T09:45:00Z
A0242,P0112,C0014,LOC05,Dental,2024-04-29T13:45:00Z,Completed,DR-07,$995,2024-04-27T13:45:00Z
A0286,P0182,C0148,LOC03,Urgent Care,2024-12-30T15:30:00Z,Completed,DR-02,$93.23,2024-12-25T15:30:00Z
A0068,P0169,C0022,LOC03,Dental,2024-11-20 17:00:00,NoShow,DR-01,,2024-11-18T17:00:00Z
A0213,P0135,C0101,LOC06,Urgent Care,09/13/2024 9:15 AM,Completed,DR-02,$1198,2024-09-08T09:15:00Z
A0010,P0041,C0087,LOC08,Sick Visit,2024-10-27T08:30:00Z,Completed,DR-06,$281,2024-10-07T08:30:00Z
A0219,P0051,C0122,LOC02,Dental,01-04-2024 18:45,Cancelled,DR-10,,2024-03-17T18:45:00Z
A0039,P0176,C0122,LOC08,Sick Visit,28-12-2024 16:15,Completed,DR-06,$752,2024-12-10T16:15:00Z
A0208,P0123,C0067,LOC01,Sick Visit,2024-03-30 10:30:00,NoShow,DR-03,,2024-03-15T10:30:00Z
A0216,P0172,C0056,LOC05,Urgent Care,2024-04-08 11:30:00,Completed,DR-03,$422.20,2024-03-19T11:30:00Z
A0115,P0158,C0054,LOC03,Dental,21-02-2024 10:45,NoShow,DR-11,,2024-02-18T10:45:00Z
A0298,P0077,C9755,LOC08,Wellness,02-01-2024 09:30,Completed,DR-11,$977.27,2023-12-30T09:30:00Z
A0096,P0188,C0127,LOC02,Wellness,2024-02-11 11:15:00,Scheduled,DR-09,,2024-01-23T11:15:00Z
A0212,P0029,C0085,LOC01,Urgent Care,2024-07-09 14:30:00,Completed,DR-02,$662.94,2024-06-23T14:30:00Z
A0283,P0006,C0123,LOC04,Wellness,08-03-2024 14:30,Completed,DR-01,"$1,268.59",2024-02-20T14:30:00Z
A0104,P0124,C0068,LOC08,Urgent Care,2024-12-04 10:45:00,NoShow,DR-10,,2024-11-20T10:45:00Z
A0069,P0046,C0095,LOC03,Sick Visit,10/10/2024 1:45 PM,Scheduled,DR-03,,2024-09-20T13:45:00Z
A0102,P0133,C0106,LOC06,Vaccination,2024-11-30T08:30:00Z,Completed,DR-08,$1156,2024-11-29T08:30:00Z
A0174,P0051,C0099,LOC04,Urgent Care,2024-09-03T15:15:00Z,Completed,DR-02,412,2024-08-15T15:15:00Z
A0041,P0067,C0015,LOC05,Dental,01/16/2025 11:45 AM,NoShow,DR-02,,2024-12-28T11:45:00Z
A0128,P0176,C0061,LOC08,Wellness,2024-09-01 15:00:00,Completed,DR-12,$768.26,2024-08-31T15:00:00Z
A0058,P0047,C0033,LOC06,Recheck,2024-02-23T13:45:00Z,NoShow,DR-01,1280.13,2024-02-18T13:45:00Z
A0280,P0014,C0030,LOC06,Vaccination,2024-06-13 12:30:00,Completed,DR-08,723,2024-06-09T12:30:00Z
A0195,P0083,C0060,LOC02,Wellness,29-10-2024 18:15,Scheduled,DR-02,,2024-10-17T18:15:00Z
A0257,P0037,C0091,LOC01,Dental,03/17/2024 6:15 PM,Scheduled,DR-10,,2024-03-12T18:15:00Z
A0277,P0148,C0098,LOC02,Recheck,08/06/2024 7:30 PM,Cancelled,DR-06,,2024-08-04T19:30:00Z
A0133,P0122,C0036,LOC08,Sick Visit,07/22/2024 8:15 AM,Completed,DR-06,$402.57,2024-07-04T08:15:00Z
A0126,P0139,C0004,LOC08,Vaccination,2024-03-02T08:45:00Z,Cancelled,DR-10,,2024-02-12T08:45:00Z
A0217,P0082,C0003,LOC03,Sick Visit,10/13/2024 3:00 PM,Completed,DR-05,$847.33,2024-10-03T15:00:00Z
A0282,P0128,C0041,LOC04,Recheck,2024-02-09T08:15:00Z,Completed,DR-11,67,2024-01-22T08:15:00Z
A0066,P0028,C0144,LOC03,Dental,2024-11-20T19:30:00Z,Completed,DR-03,1197.90,2024-11-06T19:30:00Z
A0288,P0038,C0048,LOC06,Urgent Care,2024-06-03 08:00:00,Completed,DR-01,"1,408",2024-05-17T08:00:00Z
A0116,P0095,C0046,LOC01,Sick Visit,2024-03-15 14:45:00,Completed,DR-07,"1,352",2024-02-27T14:45:00Z
A0106,P0073,C0124,LOC04,Dental,2024-09-21T13:00:00Z,Scheduled,DR-10,"$1,262.23",2024-09-07T13:00:00Z
A0046,P0129,C0109,LOC03,Wellness,2024-04-25T18:30:00Z,Completed,DR-01,$456.96,2024-04-08T18:30:00Z
A0232,P0036,C0138,LOC08,Sick Visit,2025-01-04 14:45:00,Scheduled,DR-10,917,2024-12-21T14:45:00Z
A0135,P0043,C0040,LOC07,Sick Visit,10-02-2024 13:30,Completed,DR-10,$843,2024-02-07T13:30:00Z
A0245,P0027,C0053,LOC06,Urgent Care,12/10/2024 7:00 AM,Completed,DR-12,$435.87,2024-12-09T07:00:00Z
A0064,P0168,C0037,LOC06,Vaccination,2025-02-09 16:30:00,Scheduled,DR-01,,2025-01-25T16:30:00Z
A0289,P0194,C0020,LOC03,Recheck,06/18/2024 5:30 PM,Completed,DR-12,"1,318",2024-06-14T17:30:00Z
A0255,P0062,C0091,LOC07,Wellness,12-03-2024 07:15,Completed,DR-09,945,2024-02-26T07:15:00Z
A0148,P0009,C0090,LOC02,Urgent Care,2024-06-08 19:45:00,Scheduled,DR-01,,2024-05-26T19:45:00Z
A0160,P0180,C0028,LOC01,Vaccination,2024-01-17 16:45:00,Cancelled,DR-04,,2024-01-14T16:45:00Z
A0250,P0187,C0113,LOC08,Wellness,2025-01-01T11:00:00Z,Completed,DR-08,245.63,2024-12-30T11:00:00Z
A0082,P0062,C0103,LOC01,Sick Visit,2024-08-31T15:00:00Z,Completed,DR-06,574.64,2024-08-27T15:00:00Z
A0161,P0120,C0064,LOC06,Recheck,01/07/2024 10:45 AM,Scheduled,DR-12,$623.57,2024-01-05T10:45:00Z
A0158,P0100,C0070,LOC08,Recheck,2024-06-13T18:00:00Z,Cancelled,DR-03,,2024-06-02T18:00:00Z
A0167,P0078,C0023,LOC05,Urgent Care,25-05-2024 16:00,Completed,DR-04,"$1,245.84",2024-05-16T16:00:00Z
A0170,P0098,C0046,LOC01,Vaccination,2025-02-23T08:30:00Z,Completed,DR-06,"1,280",2025-02-19T08:30:00Z
A0156,P0083,C0021,LOC05,Recheck,2024-12-22 14:15:00,Completed,DR-09,262,2024-12-07T14:15:00Z
A0147,P0060,C0042,LOC03,Wellness,24-05-2024 11:15,Cancelled,DR-08,,2024-05-10T11:15:00Z
A0076,P0176,C0092,LOC01,Wellness,2024-12-20 17:00:00,Scheduled,DR-12,,2024-11-30T17:00:00Z
A0284,P0084,C0057,LOC08,Dental,2024-11-26 12:45:00,Completed,DR-05,$837,2024-11-16T12:45:00Z
A0260,P0037,C0138,LOC03,Sick Visit,2025-01-26 07:15:00,Completed,DR-06,818,2025-01-07T07:15:00Z
A0019,P0030,C0109,LOC07,Dental,15-04-2024 09:30,Scheduled,DR-08,409.98,2024-04-02T09:30:00Z
A0200,P0038,C0120,LOC05,Vaccination,2024-01-26 09:15:00,Completed,DR-02,104,2024-01-20T09:15:00Z
A0131,P0143,C0077,LOC07,Urgent Care,17-12-2024 10:00,Cancelled,DR-03,,2024-12-12T10:00:00Z
A0099,P0145,C0029,LOC08,Vaccination,16-12-2024 09:15,Completed,DR-01,345,2024-12-13T09:15:00Z
A0085,P0190,C0087,LOC02,Sick Visit,12/16/2024 1:00 PM,Completed,DR-11,253,2024-12-05T13:00:00Z
A0067,P0101,C0086,LOC08,Urgent Care,24-02-2024 11:15,Completed,DR-12,513.18,2024-02-22T11:15:00Z
A0118,P0093,C0150,LOC01,Urgent Care,2024-01-18T19:15:00Z,Cancelled,DR-02,"$1,138.24",2024-01-05T19:15:00Z
A0206,P0144,C0110,LOC01,Sick Visit,2025-01-12T10:45:00Z,Completed,DR-04,"$1,011.37",2025-01-09T10:45:00Z
A0014,P0113,C0081,LOC03,Dental,2024-06-28T11:00:00Z,Cancelled,DR-08,$531.99,2024-06-12T11:00:00Z
A0101,P0140,C0024,LOC03,Dental,12/26/2024 3:30 PM,NoShow,DR-11,,2024-12-07T15:30:00Z
A0063,P0104,C0043,LOC01,Recheck,10-06-2024 08:45,,DR-09,,2024-06-07T08:45:00Z
A0142,P0195,C0137,LOC06,Vaccination,2024-07-30T11:15:00Z,,DR-08,,2024-07-14T11:15:00Z
A0159,P0018,C0144,LOC03,Urgent Care,28-07-2024 17:30,Completed,DR-01,321,2024-07-24T17:30:00Z
A0023,P0045,C0025,LOC04,Urgent Care,12-12-2024 16:15,Completed,DR-03,$95.39,2024-11-28T16:15:00Z
A0296,P0182,C9681,LOC03,Urgent Care,07/31/2024 9:45 AM,Completed,DR-03,"$1,212.68",2024-07-28T09:45:00Z
A0087,P0165,C0030,LOC01,Sick Visit,10-06-2024 07:45,Cancelled,DR-02,,2024-05-24T07:45:00Z
A0061,P0130,C0079,LOC08,Urgent Care,03/17/2024 3:00 PM,Completed,DR-02,"$1,098.27",2024-03-06T15:00:00Z
A0103,P0165,C0066,LOC04,Urgent Care,13-09-2024 09:45,Completed,DR-03,257.66,2024-09-09T09:45:00Z
A0119,P0018,C0042,LOC05,Sick Visit,26-07-2024 16:15,Completed,DR-09,"$1,329.74",2024-07-17T16:15:00Z
A0204,P0067,C0039,LOC06,Urgent Care,2024-09-04 18:30:00,Completed,DR-10,831,2024-08-19T18:30:00Z
A0241,P0030,C0054,LOC03,Dental,04/17/2024 4:30 PM,Completed,DR-07,709,2024-03-30T16:30:00Z
A0233,P0155,C0023,LOC08,Sick Visit,10/09/2024 2:45 PM,Completed,DR-04,"$1,042.66",2024-09-21T14:45:00Z
A0271,P0157,C0135,LOC04,Wellness,22-04-2024 11:15,NoShow,DR-07,$727,2024-04-03T11:15:00Z
A0110,P0197,C0033,LOC06,Recheck,2024-12-23T15:45:00Z,Completed,DR-12,$1319,2024-12-04T15:45:00Z
A0180,P0060,C0033,LOC02,Vaccination,2024-02-25 07:30:00,Scheduled,DR-08,$787.16,2024-02-08T07:30:00Z
A0188,P0153,C0010,LOC04,Sick Visit,2025-01-25 16:30:00,Cancelled,DR-01,,2025-01-09T16:30:00Z
A0273,P0121,C0022,LOC01,Dental,10/20/2024 7:45 AM,Scheduled,DR-09,,2024-10-16T07:45:00Z
A0137,P0033,C0105,LOC05,Sick Visit,09/23/2024 2:45 PM,Completed,DR-12,"$1,095.88",2024-09-10T14:45:00Z
A0230,P0112,C0116,LOC04,Sick Visit,2024-07-20T17:30:00Z,Cancelled,DR-03,,2024-07-13T17:30:00Z
A0108,P0130,C0081,LOC03,Recheck,2024-07-16 09:00:00,Completed,DR-02,$286,2024-06-26T09:00:00Z
A0238,P0130,C0127,LOC05,Vaccination,2024-12-02T11:00:00Z,Completed,DR-03,$906.35,2024-11-23T11:00:00Z
A0256,P0011,C0106,LOC02,Urgent Care,2024-01-09 07:30:00,Completed,DR-11,979,2023-12-22T07:30:00Z
A0095,P0092,C0109,LOC08,Recheck,03-07-2024 09:30,Scheduled,DR-02,,2024-06-13T09:30:00Z
A0077,P0166,C0078,LOC04,Sick Visit,02/03/2025 2:15 PM,Scheduled,DR-04,,2025-01-28T14:15:00Z
A0143,P0075,C0010,LOC01,Recheck,21-01-2025 14:30,Completed,DR-06,$301,2025-01-07T14:30:00Z
A0226,P0016,C0042,LOC04,Urgent Care,2024-02-25T17:45:00Z,Completed,DR-10,1313.11,2024-02-24T17:45:00Z
A0163,P0143,C0119,LOC07,Sick Visit,07-04-2024 10:15,Completed,DR-02,"1,119",2024-03-23T10:15:00Z
A0015,P0009,C0107,LOC01,Vaccination,07-02-2025 16:15,Completed,DR-05,"$1,381.60",2025-02-01T16:15:00Z
A0165,P0084,C0085,LOC07,Sick Visit,11/03/2024 2:30 PM,Scheduled,DR-07,,2024-10-23T14:30:00Z
A0291,P0197,C0066,LOC04,Wellness,07-11-2024 17:15,Completed,DR-02,797,2024-11-04T17:15:00Z
A0022,P0077,C0046,LOC07,Sick Visit,2024-10-01T17:45:00Z,Completed,DR-01,$745,2024-09-12T17:45:00Z
A0207,P0086,C0136,LOC07,Sick Visit,06-06-2024 11:30,NoShow,DR-10,,2024-06-05T11:30:00Z
A0275,P0147,C0015,LOC01,Dental,09-01-2024 14:30,Completed,DR-08,$1127,2023-12-27T14:30:00Z
A0246,P0056,C0058,LOC02,Wellness,2024-11-13T08:00:00Z,Scheduled,DR-10,,2024-10-25T08:00:00Z
A0127,P0072,C0072,LOC04,Recheck,20-05-2024 14:15,Scheduled,DR-03,,2024-05-06T14:15:00Z
A0035,P0079,C0143,LOC07,Dental,27-11-2024 09:00,Completed,DR-06,$684.48,2024-11-17T09:00:00Z
A0240,P0038,C0148,LOC08,Dental,2024-09-05 09:00:00,Completed,DR-07,372,2024-08-30T09:00:00Z
A0141,P0080,C0019,LOC08,Recheck,11/01/2024 2:45 PM,Completed,DR-04,"1,174",2024-10-20T14:45:00Z
A0120,P0002,C0146,LOC03,Dental,2024-04-25 16:15:00,Completed,DR-09,$185.65,2024-04-15T16:15:00Z
A0190,P0057,C0035,LOC04,Wellness,2024-07-28T19:00:00Z,Scheduled,DR-03,$1429,2024-07-12T19:00:00Z
A0081,P0055,C0090,LOC06,Vaccination,03/22/2024 1:45 PM,Completed,DR-05,344.10,2024-03-05T13:45:00Z
A0262,P0198,C0067,LOC03,Urgent Care,2024-02-15T18:30:00Z,Completed,DR-03,940,2024-02-01T18:30:00Z
A0105,P0035,C0027,LOC01,Recheck,01/12/2024 10:00 AM,Completed,DR-03,$114.12,2024-01-06T10:00:00Z
A0224,P0111,C0087,LOC06,Recheck,2024-07-15 08:30:00,Completed,DR-12,369.16,2024-07-12T08:30:00Z
A0202,P0018,C0007,LOC02,Vaccination,2024-02-17T19:30:00Z,Completed,DR-08,225.38,2024-02-08T19:30:00Z
A0173,P0103,C0080,LOC02,Dental,06/21/2024 8:45 AM,Completed,DR-09,649.80,2024-06-16T08:45:00Z
A0218,P0173,C0069,LOC02,Dental,2024-11-09T12:45:00Z,,DR-01,,2024-10-27T12:45:00Z
A0098,P0024,C0072,LOC06,Recheck,2025-01-30T16:30:00Z,Completed,DR-01,$972,2025-01-10T16:30:00Z
A0176,P0052,C0085,LOC03,Sick Visit,2024-11-15 09:45:00,Completed,DR-02,$194.01,2024-10-26T09:45:00Z
A0047,P0035,C0136,LOC08,Vaccination,01-11-2024 15:30,Completed,DR-04,$268,2024-10-19T15:30:00Z
A0205,P0075,C0034,LOC01,Wellness,09/09/2024 7:15 PM,Scheduled,DR-01,,2024-09-05T19:15:00Z
A0113,P0175,C0072,LOC04,Dental,05/13/2024 3:45 PM,Completed,DR-09,"1,144",2024-05-01T15:45:00Z
A0297,P0150,C9411,LOC08,Recheck,2024-09-08T07:30:00Z,Completed,DR-12,$690.78,2024-09-05T07:30:00Z
A0187,P0164,C0143,LOC03,Urgent Care,29-07-2024 11:45,Cancelled,DR-02,,2024-07-28T11:45:00Z
A0287,P0009,C0111,LOC06,Urgent Care,13-08-2024 11:30,Completed,DR-06,$669,2024-07-26T11:30:00Z
A0122,P0008,C0125,LOC02,Vaccination,2025-01-22T12:45:00Z,Cancelled,DR-02,,2025-01-14T12:45:00Z
A0193,P0074,C0047,LOC03,Dental,04/07/2024 11:45 AM,Completed,DR-05,$902.59,2024-03-21T11:45:00Z
A0055,P0174,C0092,LOC07,Sick Visit,20-02-2025 09:00,Scheduled,DR-02,,2025-02-18T09:00:00Z
A0168,P0040,C0132,LOC05,Vaccination,2024-10-10 15:15:00,Completed,DR-10,$388.55,2024-09-30T15:15:00Z
A0002,P0141,C0068,LOC01,Wellness,2024-11-10T16:15:00Z,Cancelled,DR-05,,2024-10-27T16:15:00Z
A0138,P0014,C0001,LOC07,Recheck,2024-02-22T08:00:00Z,Scheduled,DR-02,,2024-02-02T08:00:00Z
A0044,P0148,C0108,LOC08,Wellness,2024-01-03 14:30:00,Completed,DR-03,904.49,2023-12-21T14:30:00Z
A0073,P0137,C0012,LOC07,Wellness,09/02/2024 4:45 PM,Cancelled,DR-09,,2024-08-20T16:45:00Z
A0278,P0094,C0021,LOC01,Vaccination,2024-09-20T17:30:00Z,Scheduled,DR-06,,2024-09-02T17:30:00Z
A0056,P0160,C0071,LOC02,Vaccination,2024-01-05 09:15:00,Completed,DR-06,294,2023-12-21T09:15:00Z
A0136,P0075,C0071,LOC07,Vaccination,2024-02-10 09:30:00,Completed,DR-08,$1140,2024-01-22T09:30:00Z
A0004,P0082,C0073,LOC01,Vaccination,2024-10-16 15:30:00,Completed,DR-01,"1,179",2024-10-04T15:30:00Z
A0227,P0158,C0074,LOC08,Urgent Care,22-01-2025 09:15,Completed,DR-04,$999.35,2025-01-03T09:15:00Z
A0026,P0026,C0012,LOC06,Dental,2024-10-28T16:00:00Z,Scheduled,DR-05,,2024-10-12T16:00:00Z
A0018,P0110,C0115,LOC05,Sick Visit,2024-10-19T15:45:00Z,Completed,DR-11,$884.30,2024-10-18T15:45:00Z
A0146,P0083,C0065,LOC03,Wellness,2024-11-12T14:30:00Z,Cancelled,DR-09,,2024-11-08T14:30:00Z
A0130,P0180,C0085,LOC06,Dental,2024-06-24T12:15:00Z,Completed,DR-05,673,2024-06-05T12:15:00Z
A0062,P0061,C0046,LOC08,Dental,2024-05-22T07:15:00Z,Completed,DR-10,$669,2024-05-07T07:15:00Z
A0157,P0130,C0033,LOC03,Wellness,05/31/2024 11:30 AM,Completed,DR-10,1247.41,2024-05-23T11:30:00Z
A0129,P0093,C0146,LOC03,Recheck,01/07/2024 5:15 PM,Completed,DR-05,371,2023-12-18T17:15:00Z
A0042,P0031,C0033,LOC05,Dental,2024-10-24T16:00:00Z,Completed,DR-01,"$1,267.25",2024-10-17T16:00:00Z
A0091,P0065,C0034,LOC02,Urgent Care,18-04-2024 13:15,Completed,DR-11,$1166,2024-03-31T13:15:00Z
A0295,P0152,C9874,LOC07,Wellness,2024-09-25 12:00:00,Completed,DR-01,$614,2024-09-22T12:00:00Z
A0293,P0115,C0099,LOC02,Urgent Care,07/09/2024 7:30 AM,Completed,DR-12,1291.24,2024-06-25T07:30:00Z
A0072,P0046,C0045,LOC06,Sick Visit,2024-12-17 12:15:00,Scheduled,DR-02,,2024-11-29T12:15:00Z
A0038,P0185,C0001,LOC08,Vaccination,2025-02-16T19:45:00Z,Cancelled,DR-05,607.51,2025-01-28T19:45:00Z
A0024,P0187,C0094,LOC02,Dental,2024-04-13 17:15:00,NoShow,DR-09,,2024-04-02T17:15:00Z
A0234,P0181,C0078,LOC02,Recheck,2024-10-22T12:00:00Z,Scheduled,DR-08,148.29,2024-10-05T12:00:00Z
A0269,P0100,C0085,LOC03,Dental,08/11/2024 9:15 AM,Scheduled,DR-12,,2024-07-30T09:15:00Z
A0172,P0101,C0053,LOC02,Urgent Care,2024-09-14 18:15:00,Completed,DR-07,$445.04,2024-09-09T18:15:00Z
A0048,P0188,C0006,LOC03,Wellness,2024-01-10 10:15:00,Cancelled,DR-06,,2024-01-08T10:15:00Z
A0052,P0052,C0128,LOC07,Vaccination,2024-04-11 16:15:00,NoShow,DR-03,,2024-03-26T16:15:00Z
A0151,P0032,C0113,LOC08,Sick Visit,22-03-2024 17:00,Cancelled,DR-05,,2024-03-20T17:00:00Z
A0265,P0122,C0141,LOC03,Urgent Care,04/09/2024 8:15 AM,Cancelled,DR-11,$111.45,2024-04-02T08:15:00Z
A0281,P0173,C0030,LOC04,Dental,08/28/2024 6:30 PM,Completed,DR-02,$148,2024-08-18T18:30:00Z
A0032,P0008,C0150,LOC06,Dental,2024-07-07 14:45:00,Cancelled,DR-10,,2024-06-21T14:45:00Z
A0294,P0109,C0138,LOC03,Recheck,2025-02-15T14:30:00Z,Completed,DR-10,$156.80,2025-01-30T14:30:00Z
A0003,P0005,C0033,LOC06,Dental,12-04-2024 17:15,Cancelled,DR-09,,2024-03-31T17:15:00Z
A0171,P0014,C0109,LOC01,Vaccination,29-01-2025 10:00,Cancelled,DR-09,,2025-01-18T10:00:00Z
A0235,P0157,C0115,LOC04,Dental,19-01-2025 19:30,Completed,DR-11,$1084,2025-01-16T19:30:00Z
A0017,P0049,C0009,LOC05,Sick Visit,08/10/2024 9:00 AM,Completed,DR-05,$455.82,2024-07-28T09:00:00Z
A0012,P0157,C0073,LOC02,Dental,2024-07-19 19:00:00,Completed,DR-03,$503.60,2024-07-07T19:00:00Z
A0065,P0116,C0052,LOC02,Sick Visit,06/18/2024 3:45 PM,Cancelled,DR-04,,2024-06-06T15:45:00Z
A0231,P0172,C0038,LOC03,Wellness,11-10-2024 13:30,NoShow,DR-02,,2024-10-06T13:30:00Z
A0121,P0148,C0113,LOC08,Dental,06/23/2024 8:30 AM,Scheduled,DR-10,,2024-06-15T08:30:00Z
A0016,P0024,C0040,LOC08,Sick Visit,2024-07-11 09:00:00,Completed,DR-01,645.32,2024-06-21T09:00:00Z
A0152,P0004,C0025,LOC05,Recheck,2024-12-07 10:00:00,Completed,DR-02,$595.07,2024-12-05T10:00:00Z
A0132,P0162,C0140,LOC06,Dental,2024-08-30 19:00:00,Completed,DR-05,$390,2024-08-28T19:00:00Z
A0169,P0020,C0051,LOC08,Urgent Care,02/17/2024 4:45 PM,Completed,DR-08,1203.37,2024-01-29T16:45:00Z
A0009,P0181,C0149,LOC02,Recheck,01/02/2025 9:30 AM,Completed,DR-06,"$1,394.19",2024-12-20T09:30:00Z
A0299,P0008,C9222,LOC05,Dental,2024-04-01 14:15:00,Completed,DR-02,$882.43,2024-03-29T14:15:00Z
A0051,P0108,C0008,LOC02,Vaccination,05-12-2024 15:30,Cancelled,DR-02,,2024-11-19T15:30:00Z
A0011,P0097,C0109,LOC05,Urgent Care,06-02-2025 12:15,Cancelled,DR-03,,2025-01-18T12:15:00Z
A0111,P0022,C0055,LOC07,Vaccination,20-02-2024 13:15,Completed,DR-04,42.74,2024-02-19T13:15:00Z
A0194,P0047,C0015,LOC03,Dental,2024-03-13T14:45:00Z,Completed,DR-07,$492.70,2024-02-27T14:45:00Z
A0124,P0122,C0092,LOC06,Urgent Care,2024-07-23 17:30:00,Completed,DR-10,$415,2024-07-16T17:30:00Z
A0199,P0154,C0023,LOC04,Recheck,01-05-2024 10:45,Completed,DR-05,912,2024-04-24T10:45:00Z
A0251,P0101,C0074,LOC01,Recheck,06-12-2024 13:30,Completed,DR-12,"1,365",2024-11-22T13:30:00Z
A0020,P0068,C0044,LOC08,Vaccination,2024-04-04 12:45:00,Completed,DR-04,"1,219",2024-03-30T12:45:00Z
A0029,P0187,C0138,LOC02,Urgent Care,06/02/2024 6:45 PM,NoShow,DR-08,,2024-05-19T18:45:00Z
A0201,P0153,C0020,LOC03,Dental,03/23/2024 5:30 PM,Cancelled,DR-12,,2024-03-21T17:30:00Z
A0239,P0190,C0041,LOC08,Vaccination,08-01-2024 18:00,Cancelled,DR-03,,2023-12-31T18:00:00Z
A0225,P0084,C0119,LOC02,Dental,01/13/2025 6:45 PM,Completed,DR-03,471,2024-12-24T18:45:00Z
A0109,P0155,C0049,LOC01,Sick Visit,01/20/2024 7:00 PM,Completed,DR-11,646,2024-01-18T19:00:00Z
A0021,P0139,C0043,LOC04,Recheck,01/20/2025 6:00 PM,Completed,DR-01,$1224,2025-01-06T18:00:00Z
A0253,P0088,C0046,LOC08,Vaccination,01/29/2024 5:00 PM,Completed,DR-11,322,2024-01-16T17:00:00Z
A0054,P0066,C0010,LOC08,Vaccination,2025-02-03T15:00:00Z,Cancelled,DR-05,,2025-01-30T15:00:00Z
A0229,P0014,C0002,LOC06,Wellness,07/25/2024 9:30 AM,Completed,DR-05,"$1,259.94",2024-07-06T09:30:00Z
A0079,P0040,C0004,LOC03,Vaccination,23-03-2024 16:30,Completed,DR-10,$106,2024-03-03T16:30:00Z
A0259,P0087,C0013,LOC06,Wellness,28-02-2024 14:15,Completed,DR-11,$849.99,2024-02-21T14:15:00Z
A0247,P0120,C0127,LOC08,Vaccination,15-02-2025 09:00,Cancelled,DR-07,,2025-02-04T09:00:00Z
A0037,P0183,C0097,LOC04,Urgent Care,06/21/2024 11:30 AM,Scheduled,DR-09,,2024-06-19T11:30:00Z
A0178,P0037,C0065,LOC07,Recheck,2024-10-06T15:30:00Z,Completed,DR-11,$780.42,2024-10-04T15:30:00Z
A0220,P0120,C0079,LOC04,Urgent Care,2024-02-19 14:30:00,Cancelled,DR-03,$907,2024-02-06T14:30:00Z
A0033,P0067,C0042,LOC05,Wellness,10/27/2024 3:30 PM,Completed,DR-07,$105,2024-10-20T15:30:00Z
A0057,P0043,C0026,LOC03,Sick Visit,05/19/2024 1:45 PM,NoShow,DR-12,,2024-05-13T13:45:00Z
A0031,P0015,C0063,LOC01,Dental,18-10-2024 07:15,Completed,DR-01,1334.01,2024-10-09T07:15:00Z
A0209,P0191,C0131,LOC05,Recheck,10/01/2024 12:45 PM,NoShow,DR-12,,2024-09-13T12:45:00Z
A0270,P0016,C0066,LOC03,Wellness,2024-05-18T10:30:00Z,Completed,DR-08,$683.89,2024-05-07T10:30:00Z
A0008,P0123,C0002,LOC06,Recheck,2024-02-16 07:15:00,,DR-04,,2024-02-05T07:15:00Z
A0078,P0031,C0093,LOC01,Dental,2024-12-15T08:15:00Z,Scheduled,DR-05,,2024-12-10T08:15:00Z
A0182,P0129,C0143,LOC01,Sick Visit,2024-06-30T17:30:00Z,Completed,DR-05,$1278,2024-06-29T17:30:00Z
A0045,P0188,C0085,LOC01,Vaccination,08/07/2024 2:45 PM,Completed,DR-09,304.67,2024-07-30T14:45:00Z
A0088,P0113,C0033,LOC07,Sick Visit,2024-02-24 11:30:00,Cancelled,DR-01,,2024-02-06T11:30:00Z
A0196,P0157,C0108,LOC07,Recheck,2024-02-13 15:45:00,Cancelled,DR-07,,2024-02-07T15:45:00Z
A0134,P0174,C0118,LOC03,Vaccination,2025-02-18T11:30:00Z,Completed,DR-06,495,2025-02-03T11:30:00Z
A0153,P0198,C0115,LOC04,Urgent Care,10/24/2024 7:45 PM,Cancelled,DR-08,,2024-10-04T19:45:00Z
A0228,P0184,C0019,LOC02,Recheck,2025-02-10 17:30:00,Scheduled,DR-01,,2025-01-24T17:30:00Z
A0261,P0097,C0108,LOC01,Dental,01/21/2024 9:00 AM,NoShow,DR-02,,2024-01-15T09:00:00Z
A0254,P0162,C0128,LOC08,Wellness,2024-12-04T10:30:00Z,Cancelled,DR-11,,2024-11-27T10:30:00Z
A0036,P0170,C0085,LOC05,Vaccination,2024-12-12 15:45:00,,DR-11,,2024-12-09T15:45:00Z
A0093,P0116,C0090,LOC05,Sick Visit,05/25/2024 4:00 PM,Scheduled,DR-10,,2024-05-06T16:00:00Z
A0177,P0079,C0050,LOC08,Wellness,03/16/2024 11:00 AM,Completed,DR-06,331,2024-03-09T11:00:00Z
A0263,P0157,C0115,LOC05,Vaccination,02-05-2024 09:00,Completed,DR-07,$41.47,2024-04-28T09:00:00Z
A0090,P0153,C0112,LOC02,Vaccination,2024-10-10T15:15:00Z,,DR-04,,2024-09-28T15:15:00Z
A0123,P0091,C0140,LOC01,Sick Visit,12-12-2024 18:15,NoShow,DR-05,,2024-12-09T18:15:00Z
A0005,P0169,C0150,LOC05,Recheck,01/27/2025 4:15 PM,Scheduled,DR-12,,2025-01-19T16:15:00Z
A0042,P0031,C0033,LOC05,Dental,2024-10-24T16:00:00Z,Completed,DR-01,"$1,267.25",2024-10-17T16:00:00Z
A0034,P0105,C0027,LOC01,Sick Visit,2024-04-23T17:15:00Z,Cancelled,DR-01,,2024-04-18T17:15:00Z
A0210,P0091,C0030,LOC03,Vaccination,2024-10-01T07:15:00Z,Completed,DR-01,$514.90,2024-09-13T07:15:00Z
A0030,P0041,C0030,LOC05,Sick Visit,2025-01-14T14:30:00Z,NoShow,DR-09,,2024-12-28T14:30:00Z
A0290,P0079,C0001,LOC07,Recheck,2025-01-09T14:00:00Z,Completed,DR-04,$666.05,2025-01-07T14:00:00Z
A0236,P0137,C0031,LOC08,Dental,2024-12-16 17:30:00,Cancelled,DR-09,$847.16,2024-12-04T17:30:00Z
A0214,P0134,C0052,LOC01,Vaccination,2024-04-15T18:00:00Z,Completed,DR-01,"1,007",2024-04-12T18:00:00Z
A0059,P0017,C0146,LOC06,Wellness,04-09-2024 14:00,Scheduled,DR-12,777.62,2024-08-16T14:00:00Z
A0097,P0140,C0049,LOC08,Sick Visit,10/23/2024 1:15 PM,Scheduled,DR-03,,2024-10-15T13:15:00Z
A0114,P0089,C0072,LOC03,Sick Visit,2024-10-13T15:45:00Z,Completed,DR-02,"1,093",2024-10-07T15:45:00Z
A0258,P0025,C0037,LOC03,Recheck,2024-01-08T09:00:00Z,Scheduled,DR-02,,2024-01-04T09:00:00Z
A0080,P0019,C0111,LOC04,Urgent Care,2024-12-04 11:45:00,NoShow,DR-09,,2024-11-17T11:45:00Z
A0112,P0053,C0092,LOC07,Vaccination,2024-10-22 15:00:00,Completed,DR-02,254.01,2024-10-13T15:00:00Z
A0053,P0172,C0115,LOC02,Recheck,04/16/2024 6:45 PM,,DR-11,,2024-04-13T18:45:00Z
A0300,P0067,C9743,LOC08,Sick Visit,09/03/2024 4:45 PM,Completed,DR-02,563.08,2024-08-31T16:45:00Z
A0175,P0083,C0019,LOC01,Vaccination,15-02-2024 08:45,Completed,DR-03,1432.53,2024-01-31T08:45:00Z
A0211,P0193,C0109,LOC06,Sick Visit,25-03-2024 16:45,Completed,DR-01,$419.17,2024-03-17T16:45:00Z
A0249,P0139,C0077,LOC04,Recheck,11/08/2024 1:15 PM,Cancelled,DR-11,,2024-10-24T13:15:00Z
A0191,P0199,C0004,LOC07,Sick Visit,18-12-2024 12:45,Scheduled,DR-06,,2024-11-29T12:45:00Z
A0145,P0069,C0043,LOC04,Wellness,01/26/2025 7:30 PM,Completed,DR-03,$228.32,2025-01-11T19:30:00Z
A0266,P0117,C0144,LOC02,Sick Visit,2024-08-10T11:30:00Z,Cancelled,DR-01,283.88,2024-07-25T11:30:00Z
A0071,P0081,C0142,LOC04,Urgent Care,11-03-2024 13:30,NoShow,DR-04,,2024-03-01T13:30:00Z
A0007,P0145,C0070,LOC08,Recheck,15-01-2024 18:30,Scheduled,DR-05,,2024-01-13T18:30:00Z
A0074,P0042,C0012,LOC05,Urgent Care,2024-03-15T07:00:00Z,Completed,DR-01,"$1,012.19",2024-02-26T07:00:00Z
A0181,P0079,C0084,LOC08,Dental,08/22/2024 3:00 PM,Completed,DR-12,$257.16,2024-08-10T15:00:00Z
A0274,P0178,C0009,LOC04,Urgent Care,2024-08-19T14:15:00Z,Completed,DR-06,453.54,2024-08-16T14:15:00Z
A0050,P0180,C0148,LOC04,Sick Visit,2024-08-01T14:45:00Z,Completed,DR-11,$926.89,2024-07-28T14:45:00Z
A0186,P0031,C0082,LOC06,Urgent Care,2024-03-21T12:00:00Z,Completed,DR-12,$76.72,2024-03-07T12:00:00Z
A0139,P0073,C0100,LOC03,Urgent Care,20-03-2024 08:45,Completed,DR-09,"$1,221.50",2024-03-08T08:45:00Z
A0155,P0186,C0137,LOC05,Wellness,16-02-2025 14:15,Completed,DR-08,"1,035",2025-01-29T14:15:00Z
A0162,P0020,C0086,LOC02,Wellness,2024-11-11T11:00:00Z,Cancelled,DR-12,,2024-10-29T11:00:00Z
A0166,P0191,C0028,LOC06,Dental,2024-11-07T10:15:00Z,Completed,DR-08,"$1,393.15",2024-11-05T10:15:00Z
A0279,P0139,C0052,LOC08,Sick Visit,26-12-2024 08:15,Completed,DR-10,1267.65,2024-12-18T08:15:00Z
A0086,P0143,C0121,LOC04,Vaccination,2024-01-20T08:00:00Z,Completed,DR-07,584.07,2024-01-06T08:00:00Z
A0049,P0153,C0069,LOC02,Sick Visit,07/11/2024 5:30 PM,NoShow,DR-01,,2024-07-07T17:30:00Z
A0094,P0081,C0063,LOC04,Sick Visit,2024-07-05T19:30:00Z,Scheduled,DR-12,,2024-06-26T19:30:00Z
A0100,P0093,C0133,LOC08,Dental,2024-05-15 12:15:00,Completed,DR-01,91.47,2024-05-11T12:15:00Z
A0264,P0130,C0073,LOC08,Sick Visit,2024-09-28 08:30:00,Scheduled,DR-11,,2024-09-26T08:30:00Z
A0040,P0186,C0099,LOC03,Sick Visit,2024-04-02 11:00:00,Completed,DR-06,$961.03,2024-03-25T11:00:00Z
A0272,P0064,C0063,LOC06,Dental,2024-08-30 14:30:00,Completed,DR-10,$349,2024-08-25T14:30:00Z
A0150,P0025,C0016,LOC04,Dental,2024-05-06T18:00:00Z,Completed,DR-07,$999.24,2024-04-25T18:00:00Z
A0149,P0065,C0033,LOC01,Wellness,02/06/2024 3:45 PM,Completed,DR-12,387.28,2024-01-22T15:45:00Z
A0025,P0180,C0016,LOC07,Wellness,05/21/2024 3:45 PM,,DR-07,,2024-05-02T15:45:00Z
A0005,P0169,C0150,LOC05,Recheck,01/27/2025 4:15 PM,Scheduled,DR-12,,2025-01-19T16:15:00Z
A0215,P0191,C0101,LOC01,Recheck,19-06-2024 14:00,Completed,DR-05,$938.97,2024-06-12T14:00:00Z
A0185,P0181,C0039,LOC03,Dental,12/16/2024 7:15 PM,Scheduled,DR-03,,2024-11-27T19:15:00Z
A0140,P0070,C0011,LOC08,Urgent Care,2024-06-15 14:45:00,Scheduled,DR-12,,2024-05-27T14:45:00Z
A0028,P0080,C0066,LOC08,Sick Visit,2024-05-17 12:00:00,Completed,DR-11,$173,2024-05-12T12:00:00Z
A0084,P0138,C0122,LOC01,Sick Visit,2024-09-20 08:00:00,Completed,DR-02,333.26,2024-09-13T08:00:00Z
A0183,P0169,C0132,LOC02,Sick Visit,11-10-2024 11:15,Completed,DR-07,771.82,2024-10-03T11:15:00Z
A0070,P0178,C0063,LOC05,Dental,2024-11-06T12:45:00Z,Completed,DR-06,"1,408",2024-11-01T12:45:00Z
A0237,P0153,C0139,LOC05,Wellness,02/12/2025 11:30 AM,Completed,DR-11,$704.52,2025-02-10T11:30:00Z
A0164,P0047,C0011,LOC07,Recheck,2024-12-25 17:45:00,Scheduled,DR-06,,2024-12-07T17:45:00Z
A0075,P0190,C0099,LOC04,Sick Visit,17-01-2024 12:45,Completed,DR-11,$829.20,2024-01-07T12:45:00Z
