client_id,first_name,last_name,email,phone,location_id,created_at
C0002,Parker,Hall,PARKER.HALL5@EXAMPLE.COM,+12302954582,LOC04,2024-09-15T16:00:00Z
C0023,Morgan,Green,MORGAN.GREEN17@EXAMPLE.COM,+19407848744,LOC04,2025-02-05T14:45:00Z
C0031,Dakota,Scott,Dakota.Scott21@example.com,+12587202312,LOC03,2024-02-05T16:00:00Z
C0014,Dakota,Davis,DAKOTA.DAVIS71@EXAMPLE.COM,+12118962876,LOC05,2025-01-28T17:30:00Z
C0065,Rowan,Allen,Rowan.allen4@example.com,+15985447624,LOC03,2024-08-27T09:00:00Z
C0006,Logan,Patel,Logan.Patel49@example.com,+12807655803,LOC06,2024-10-22T10:00:00Z
C0001,Taylor,Nguyen,Taylor.Nguyen95@example.com,+14814504657,LOC03,2025-01-12T08:00:00Z
C0059,Logan,Young,Logan.Young21@example.com,+19616868373,LOC05,2025-01-19T10:30:00Z
C0120,Hayden,Davis,HAYDEN.DAVIS2@EXAMPLE.COM,+17799021803,LOC08,2024-05-26T19:15:00Z
C0076,Skyler,Brown,Skyler.Brown12@example.com,+14856614995,LOC08,2024-10-18T16:45:00Z
C0004,Avery,Johnson,AVERY.JOHNSON90@EXAMPLE.COM,+16325485552,LOC03,2024-04-20T19:30:00Z
C0144,Parker,Green,PARKER.GREEN72@EXAMPLE.COM,+15378863002,LOC07,2024-06-30T17:45:00Z
C0069,Jordan,Nguyen,JORDAN.NGUYEN32@EXAMPLE.COM,+14042203496,LOC04,2024-03-05T14:00:00Z
C0054,Casey,Smith,CASEY.SMITH37@EXAMPLE.COM,+17278796491,LOC02,2025-02-23T19:15:00Z
C0131,Emerson,Young,Emerson.young31@example.com,+15713017018,LOC06,2024-02-01T13:30:00Z
C0064,Drew,Walker,Drew.Walker54@example.com,+17519659947,LOC04,2024-09-06T10:30:00Z
C0030,Jordan,Adams,Jordan.Adams95@example.com,+17552626138,LOC01,2024-01-26T16:45:00Z
C0094,Emerson,Patel,Emerson.patel60@example.com,+19055117594,LOC05,2024-09-13T15:45:00Z
C0121,Sage,Lee,Sage.Lee29@example.com,+18513945106,LOC03,2024-11-17T08:00:00Z
C0127,Sage,Brown,Sage.Brown83@example.com,+12648508606,LOC05,2024-11-28T13:00:00Z
C0046,Skyler,Davis,Skyler.Davis9@example.com,+19914856753,LOC07,2024-12-13T15:30:00Z
C0124,Drew,Wilson,Drew.Wilson15@example.com,+16792773306,LOC04,2024-12-12T18:45:00Z
C0115,Dakota,Hall,Dakota.Hall73@example.com,+18983843785,LOC03,2024-02-10T16:45:00Z
C0042,Reese,Lopez,Reese.Lopez88@example.com,+14558822684,LOC06,2025-02-03T15:45:00Z
C0036,Logan,Martinez,Logan.martinez79@example.com,+18697411128,LOC05,2024-12-05T08:15:00Z
C0018,Jamie,Garcia,JAMIE.GARCIA31@EXAMPLE.COM,+17802802403,LOC08,2025-02-21T08:15:00Z
C0008,Reese,Johnson,Reese.johnson48@example.com,+15634145374,LOC02,2024-11-07T17:15:00Z
C0062,Morgan,Smith,MORGAN.SMITH54@EXAMPLE.COM,+16175389890,LOC08,2024-07-31T07:15:00Z
C0026,Riley,Hall,Riley.Hall24@example.com,+14856735092,LOC02,2024-08-14T19:00:00Z
C0052,Sage,Adams,Sage.adams39@example.com,+16157611006,LOC05,2024-05-26T10:45:00Z
C0056,Emerson,Hall,Emerson.Hall81@example.com,+17893997291,LOC08,2024-07-23T10:15:00Z
C0058,Taylor,Young,Taylor.young18@example.com,+16758839702,LOC06,2025-01-21T14:45:00Z
C0038,Skyler,Lopez,Skyler.Lopez88@example.com,+18494709280,LOC08,2024-05-08T07:00:00Z
C0134,Riley,Baker,RILEY.BAKER1@EXAMPLE.COM,+14833483129,LOC05,2025-02-12T09:00:00Z
C0137,Dakota,Adams,Dakota.adams14@example.com,+16627154629,LOC01,2025-01-07T19:30:00Z
C0132,Morgan,Patel,Morgan.patel59@example.com,+12938784475,LOC01,2024-01-26T19:30:00Z
C0149,Sage,Brown,SAGE.BROWN64@EXAMPLE.COM,7973464804,LOC08,2024-11-22T11:45:00Z
C0029,Drew,Hall,Drew.Hall90@example.com,+19487698973,LOC03,2024-04-07T11:15:00Z
C0041,Parker,Green,PARKER.GREEN19@EXAMPLE.COM,+16403301685,LOC05,2024-07-05T19:00:00Z
C0148,Finley,Patel,FINLEY.PATEL31@EXAMPLE.COM,5907856881,LOC05,2024-12-24T11:00:00Z
C0108,Parker,Walker,Parker.walker30@example.com,+19946201715,LOC06,2025-01-16T14:45:00Z
C0060,Dakota,Allen,DAKOTA.ALLEN81@EXAMPLE.COM,+14444818206,LOC02,2024-12-31T11:15:00Z
C0025,Taylor,Garcia,Taylor.Garcia52@example.com,+19455472790,LOC04,2024-04-08T10:45:00Z
C0135,Avery,Kim,AVERY.KIM2@EXAMPLE.COM,+15664436304,LOC01,2024-03-30T11:00:00Z
C0061,Quinn,Wilson,Quinn.wilson41@example.com,+17532823267,LOC03,2024-04-28T13:15:00Z
C0126,Parker,Walker,Parker.Walker82@example.com,+15803104830,LOC08,2024-01-13T16:30:00Z
C0145,Rowan,Patel,ROWAN.PATEL63@EXAMPLE.COM,8306175583,LOC01,2024-12-19T12:15:00Z
C0082,Drew,Davis,Drew.Davis30@example.com,+13239384155,LOC06,2024-03-02T18:15:00Z
C0070,Parker,Lopez,Parker.Lopez60@example.com,+19164627043,LOC03,2024-11-06T16:00:00Z
C0034,Emerson,Wilson,Emerson.wilson97@example.com,+12742098508,LOC02,2024-02-07T15:15:00Z
C0118,Parker,Martinez,Parker.Martinez82@example.com,+16349065097,LOC08,2024-06-03T10:45:00Z
C0035,Dakota,Davis,Dakota.davis17@example.com,+15572705002,LOC06,2024-05-25T09:45:00Z
C0114,Avery,Garcia,AVERY.GARCIA42@EXAMPLE.COM,+12575006873,LOC06,2024-08-08T09:15:00Z
C0098,Finley,Lee,Finley.Lee53@example.com,+15415282713,LOC03,2024-06-17T13:45:00Z
C0110,Dakota,Young,Dakota.young2@example.com,+19393477717,LOC03,2024-02-08T14:30:00Z
C0086,Finley,Allen,Finley.Allen57@example.com,+15483881841,LOC05,2024-09-01T08:00:00Z
C0073,Parker,Garcia,PARKER.GARCIA45@EXAMPLE.COM,+17456387071,LOC02,2024-09-16T17:30:00Z
C0089,Emerson,Young,Emerson.young39@example.com,+18026396003,LOC01,2024-11-08T18:00:00Z
C0005,Taylor,Smith,Taylor.Smith49@example.com,+12995676635,LOC05,2025-02-17T07:45:00Z
C0010,Jamie,Garcia,Jamie.Garcia41@example.com,+16104742084,LOC04,2024-10-17T18:30:00Z
C0105,Logan,Kim,Logan.Kim50@example.com,+13958139327,LOC03,2024-02-05T11:45:00Z
C0150,Jamie,Garcia,JAMIE.GARCIA41@EXAMPLE.COM,6104742084,LOC04,2024-10-17T18:30:00Z
C0103,Logan,Nguyen,Logan.Nguyen71@example.com,+16172954681,LOC02,2024-08-24T08:15:00Z
C0063,Rowan,Walker,Rowan.Walker99@example.com,+17989121320,LOC07,2024-09-01T07:30:00Z
C0113,Jamie,Smith,Jamie.Smith56@example.com,+13009782646,LOC08,2024-03-26T18:30:00Z
C0028,Morgan,Walker,Morgan.walker8@example.com,+13685881035,LOC07,2024-05-15T19:45:00Z
C0146,Riley,Allen,RILEY.ALLEN71@EXAMPLE.COM,3694719645,LOC07,2024-04-18T15:15:00Z
C0080,Sam,Martinez,Sam.Martinez29@example.com,+16149084986,LOC05,2024-12-05T16:30:00Z
C0071,Casey,Martinez,Casey.Martinez14@example.com,+17922266111,LOC07,2024-07-22T18:15:00Z
C0003,Logan,Lopez,LOGAN.LOPEZ92@EXAMPLE.COM,+18659189928,LOC07,2024-04-22T14:30:00Z
C0143,Sam,Smith,Sam.Smith11@example.com,+12956422582,LOC06,2025-02-19T09:00:00Z
C0066,Hayden,Adams,Hayden.Adams73@example.com,+18782272375,LOC07,2024-03-10T14:15:00Z
C0055,Drew,Brown,Drew.Brown26@example.com,+13502251757,LOC04,2024-08-31T16:00:00Z
C0012,Parker,Hall,PARKER.HALL75@EXAMPLE.COM,+16085704593,LOC03,2024-09-17T14:00:00Z
C0123,Casey,Lopez,Casey.Lopez17@example.com,+17525749697,LOC05,2024-03-25T11:45:00Z
C0107,Reese,Wilson,Reese.wilson71@example.com,+19817567180,LOC08,2024-06-13T10:15:00Z
C0097,Finley,Scott,Finley.scott84@example.com,+16524843973,LOC07,2024-11-21T14:00:00Z
C0139,Sam,Smith,Sam.smith42@example.com,+18223512076,LOC03,2024-05-20T16:30:00Z
C0109,Hayden,Kim,Hayden.Kim64@example.com,+12373299229,LOC06,2024-02-21T14:00:00Z
C0101,Dakota,Lee,Dakota.lee80@example.com,+19747108242,LOC01,2024-04-14T11:15:00Z
C0092,Drew,Young,Drew.young10@example.com,+19034395334,LOC04,2024-08-05T08:15:00Z
C0111,Skyler,Baker,SKYLER.BAKER89@EXAMPLE.COM,+16078652315,LOC06,2024-12-11T15:45:00Z
C0017,Logan,Scott,Logan.Scott1@example.com,+18135319005,LOC01,2024-02-27T12:30:00Z
C0051,Hayden,Martinez,Hayden.martinez71@example.com,+13303967888,LOC07,2024-12-12T18:15:00Z
C0090,Morgan,Lopez,Morgan.Lopez34@example.com,+18762833573,LOC04,2024-03-29T15:00:00Z
C0084,Jamie,Lee,Jamie.Lee23@example.com,+15092149751,LOC03,2024-05-20T07:00:00Z
C0040,Logan,Hall,LOGAN.HALL72@EXAMPLE.COM,+12093142232,LOC03,2024-10-06T07:30:00Z
C0136,Riley,Hall,Riley.Hall68@example.com,+13169632041,LOC08,2024-08-17T19:30:00Z
C0019,Riley,Allen,Riley.Allen71@example.com,+13694719645,LOC07,2024-04-18T15:15:00Z
C0096,Parker,Adams,Parker.Adams3@example.com,+19838885415,LOC01,2025-01-25T19:15:00Z
C0075,Casey,Scott,Casey.Scott84@example.com,+14768309817,LOC08,2024-08-26T13:30:00Z
C0128,Riley,Garcia,Riley.Garcia5@example.com,+15117042902,LOC02,2024-04-30T15:15:00Z
C0104,Finley,Martinez,Finley.martinez66@example.com,+19224797807,LOC08,2024-08-29T10:45:00Z
C0147,Sam,Martinez,SAM.MARTINEZ29@EXAMPLE.COM,6149084986,LOC05,2024-12-05T16:30:00Z
C0078,Skyler,Davis,Skyler.davis77@example.com,+19184821166,LOC04,2024-02-13T10:45:00Z
C0085,Logan,Martinez,Logan.martinez90@example.com,+13298539042,LOC02,2024-01-07T16:30:00Z
C0093,Riley,Davis,Riley.davis19@example.com,+12732613718,LOC05,2024-10-31T18:30:00Z
C0033,Quinn,Lopez,Quinn.Lopez86@example.com,+19335214910,LOC05,2024-07-21T09:30:00Z
C0117,Quinn,Nguyen,Quinn.Nguyen60@example.com,+14948939955,LOC03,2024-02-07T14:30:00Z
C0133,Jamie,Kim,Jamie.kim73@example.com,+14102704394,LOC04,2025-02-20T10:30:00Z
C0112,Skyler,Allen,SKYLER.ALLEN70@EXAMPLE.COM,+12368322121,LOC04,2024-11-19T17:30:00Z
C0072,Sam,Adams,SAM.ADAMS89@EXAMPLE.COM,+18424482669,LOC05,2024-12-16T16:00:00Z
C0013,Jordan,Patel,Jordan.Patel20@example.com,+18423637916,LOC02,2024-07-16T13:45:00Z
C0106,Skyler,Scott,Skyler.Scott35@example.com,+12024895891,LOC08,2024-03-17T14:45:00Z
C0009,Logan,Brown,Logan.Brown21@example.com,+16735885422,LOC04,2024-12-16T12:00:00Z
C0043,Sage,Kim,Sage.Kim31@example.com,+13663817755,LOC01,2024-04-01T18:30:00Z
C0138,Emerson,Nguyen,Emerson.Nguyen8@example.com,+16906117984,LOC02,2024-09-08T18:45:00Z
C0081,Finley,Green,Finley.green68@example.com,+15526356419,LOC06,2024-12-25T14:30:00Z
C0102,Drew,Young,DREW.YOUNG90@EXAMPLE.COM,+16963241472,LOC04,2024-12-29T09:30:00Z
C0007,Jordan,Brown,Jordan.Brown99@example.com,+14962814814,LOC02,2024-07-13T11:45:00Z
C0077,Skyler,Nguyen,Skyler.nguyen64@example.com,+15323868988,LOC04,2024-06-30T19:30:00Z
C0087,Hayden,Allen,Hayden.allen10@example.com,+17908441878,LOC03,2024-03-17T19:30:00Z
C0044,Rowan,Brown,Rowan.Brown35@example.com,+13639182771,LOC07,2024-01-20T14:15:00Z
C0100,Taylor,Walker,Taylor.Walker66@example.com,+12018739889,LOC08,2024-07-30T07:15:00Z
C0053,Parker,Baker,Parker.baker84@example.com,+15296768238,LOC08,2024-12-11T10:45:00Z
C0050,Sage,Wilson,Sage.wilson85@example.com,+13279375920,LOC05,2024-12-07T13:30:00Z
C0037,Quinn,Patel,QUINN.PATEL14@EXAMPLE.COM,+19607663546,LOC05,2024-05-24T16:15:00Z
C0048,Reese,Wilson,REESE.WILSON56@EXAMPLE.COM,+18207232894,LOC07,2024-10-22T10:30:00Z
C0047,Avery,Patel,Avery.Patel34@example.com,+13827945349,LOC01,2024-02-25T16:45:00Z
C0021,Sam,Wilson,SAM.WILSON3@EXAMPLE.COM,+18027674770,LOC04,2024-01-04T08:00:00Z
C0079,Finley,Green,Finley.Green98@example.com,+14469078800,LOC08,2024-08-17T19:00:00Z
C0067,Jordan,Davis,Jordan.Davis49@example.com,+15354168449,LOC06,2024-06-21T19:45:00Z
C0068,Quinn,Hall,Quinn.Hall33@example.com,+12836811317,LOC01,2024-06-28T10:00:00Z
C0125,Logan,Lee,LOGAN.LEE12@EXAMPLE.COM,+16042145332,LOC02,2024-08-20T12:30:00Z
C0057,Avery,Patel,AVERY.PATEL55@EXAMPLE.COM,+14243809486,LOC08,2024-01-26T15:15:00Z
C0091,Casey,Nguyen,CASEY.NGUYEN53@EXAMPLE.COM,+16619058699,LOC05,2024-01-17T10:30:00Z
C0032,Jamie,Walker,Jamie.Walker16@example.com,+17834521651,LOC02,2024-08-02T17:30:00Z
C0141,Logan,Lopez,LOGAN.LOPEZ56@EXAMPLE.COM,+16624337779,LOC06,2024-08-20T13:45:00Z
C0045,Morgan,Young,Morgan.Young45@example.com,+15124334652,LOC01,2024-12-03T10:45:00Z
C0022,Jamie,Smith,JAMIE.SMITH5@EXAMPLE.COM,+15382729423,LOC04,2024-05-22T17:45:00Z
C0088,Sam,Brown,Sam.Brown16@example.com,+17719827818,LOC04,2025-02-01T15:45:00Z
C0027,Jordan,Green,Jordan.Green2@example.com,+12959714872,LOC03,2024-07-27T14:45:00Z
C0140,Hayden,Baker,Hayden.baker68@example.com,+15016649282,LOC07,2024-02-20T19:00:00Z
C0016,Dakota,Patel,Dakota.patel81@example.com,+15058549317,LOC04,2024-03-19T12:15:00Z
C0039,Rowan,Davis,ROWAN.DAVIS6@EXAMPLE.COM,+12035413143,LOC05,2024-03-23T18:45:00Z
C0129,Hayden,Young,Hayden.Young48@example.com,+18869609850,LOC07,2024-10-27T18:15:00Z
C0122,Drew,Young,Drew.Young5@example.com,+17935733153,LOC02,2024-05-31T12:45:00Z
C0083,Morgan,Lopez,MORGAN.LOPEZ95@EXAMPLE.COM,+16954839595,LOC05,2024-02-21T10:30:00Z
C0049,Jordan,Hall,Jordan.hall1@example.com,+17327514228,LOC06,2024-08-08T08:30:00Z
C0116,Sage,Brown,Sage.Brown64@example.com,+17973464804,LOC08,2024-11-22T11:45:00Z
C0011,Morgan,Allen,MORGAN.ALLEN51@EXAMPLE.COM,+18586693340,LOC05,2024-03-12T10:30:00Z
C0142,Taylor,Wilson,TAYLOR.WILSON55@EXAMPLE.COM,+15208815176,LOC06,2024-03-19T17:45:00Z
C0119,Finley,Patel,FINLEY.PATEL31@EXAMPLE.COM,+15907856881,LOC05,2024-12-24T11:00:00Z
C0099,Drew,Walker,DREW.WALKER98@EXAMPLE.COM,+17632378451,LOC02,2024-06-10T11:30:00Z
C0130,Rowan,Patel,Rowan.Patel63@example.com,+18306175583,LOC01,2024-12-19T12:15:00Z
C0024,Morgan,Patel,MORGAN.PATEL13@EXAMPLE.COM,+18746416804,LOC07,2024-07-29T14:00:00Z
C0020,Drew,Walker,Drew.Walker86@example.com,+18655828177,LOC08,2024-03-02T10:15:00Z
C0074,Avery,Hall,AVERY.HALL63@EXAMPLE.COM,+13086436934,LOC08,2024-12-28T09:45:00Z
C0095,Emerson,Smith,EMERSON.SMITH77@EXAMPLE.COM,+12406426280,LOC05,2024-01-14T08:15:00Z
C0015,Taylor,Martinez,Taylor.Martinez56@example.com,+13616641053,LOC05,2024-09-13T19:15:00Z
