patient_id,client_id,species,breed,date_of_birth,sex,weight_kg
P0001,C0124,Dog,Pug,2017-07-22,FS,8.3
P0002,C0073,Cat,Domestic Shorthair,2015-11-01,M,19.0
P0003,C0117,Cat,Maine Coon,2015-04-07,F,
P0004,C0029,Dog,Mixed,2017-03-28,FS,8.0
P0005,C0023,Cat,Ragdoll,2023-04-01,MN,8.4
P0006,C0012,Cat,Domestic Shorthair,2020-12-09,M,29.5
P0007,C0026,Cat,Domestic Shorthair,2012-06-18,M,26.7
P0008,C0007,Dog,Pug,,MN,19.9
P0009,C0094,Dog,Mixed,2011-06-21,M,22.2
P0010,C0113,Cat,Siamese,2015-08-31,M,33.5
P0011,C0137,Dog,Mixed,2011-06-06,MN,9.5
P0012,C0068,Cat,Mixed,2020-08-25,M,42.6
P0013,C0035,Dog,Pug,2019-03-14,M,15.3
P0014,C0067,Cat,Tabby,2009-03-01,F,39.1
P0015,C0003,Dog,Mixed,2015-06-03,FS,34.0
P0016,C0082,Cat,Siamese,2012-07-07,MN,24.3
P0017,C0046,Dog,Corgi,2019-08-17,MN,5.4
P0018,C0053,Cat,Siamese,2014-02-12,F,17.1
P0019,C0087,Dog,Mixed,2022-05-22,M,19.5
P0020,C0149,Dog,Labrador,2013-11-05,M,12.1
P0021,C0117,Cat,Siamese,2022-12-12,F,42.8
P0022,C0127,Cat,Ragdoll,2011-10-19,MN,29.9
P0023,C0001,Dog,Goldendoodle,2012-06-24,FS,7.1
P0024,C0053,Cat,Mixed,2009-12-13,MN,44.9
P0025,C0137,Dog,Goldendoodle,2013-07-14,F,21.1
P0026,C0019,Dog,Mixed,2011-05-04,MN,38.6
P0027,C0088,Dog,Mixed,2019-03-02,F,23.2
P0028,C0020,Cat,Tabby,2011-04-20,F,5.7
P0029,C0068,Cat,Ragdoll,2014-06-28,M,15.6
P0030,C0021,Dog,Boxer,2015-12-12,F,35.6
P0031,C0077,Dog,Beagle,2022-06-07,M,15.1
P0032,C0089,Dog,Mixed,2012-01-14,MN,12.8
P0033,C0139,Cat,Maine Coon,2021-07-30,F,27.0
P0034,C0130,Dog,Mixed,2023-01-14,M,
P0035,C0098,Cat,Mixed,2014-05-01,M,29.0
P0036,C0139,Cat,Mixed,2014-07-26,MN,31.6
P0037,C0138,Dog,Boxer,2019-02-05,MN,15.4
P0038,C0019,Cat,Mixed,2020-09-27,MN,6.6
P0039,C0058,Dog,Boxer,2018-02-11,F,14.5
P0040,C0081,Cat,Tabby,2020-02-03,MN,33.0
P0041,C0141,Dog,Beagle,2013-03-15,FS,23.4
P0042,C0022,Dog,Corgi,2018-04-10,F,4.1
P0043,C0079,Cat,Ragdoll,2023-06-29,M,39.9
P0044,C0147,Cat,Ragdoll,2022-07-11,F,14.4
P0045,C0050,Cat,Tabby,2017-05-26,M,6.2
P0046,C0119,Cat,Siamese,2020-06-09,F,19.3
P0047,C0076,Dog,Labrador,2016-03-15,FS,8.4
P0048,C0111,Dog,Mixed,2009-11-05,MN,23.8
P0049,C0130,Cat,Mixed,2023-04-20,MN,6.7
P0050,C0109,Cat,Tabby,2009-07-24,M,13.4
P0051,C0015,Dog,Labrador,2011-12-01,FS,31.3
P0052,C0070,Dog,Goldendoodle,,MN,19.8
P0053,C0045,Dog,Corgi,2013-02-04,M,24.3
P0054,C0068,Cat,Mixed,2016-08-20,F,24.9
P0055,C0080,Cat,Mixed,2019-05-12,F,14.8
P0056,C0098,Cat,Siamese,2012-09-15,MN,26.1
P0057,C0058,Cat,Siamese,2011-06-29,FS,19.0
P0058,C0123,Cat,Maine Coon,2021-11-25,MN,30.2
P0059,C0035,Cat,Maine Coon,2017-08-04,MN,28.5
P0060,C0069,Dog,German Shepherd,2011-10-06,F,4.3
P0061,C0079,Cat,Siamese,2020-08-03,M,44.1
P0062,C0067,Dog,Corgi,2019-03-15,MN,29.8
P0063,C0122,Dog,German Shepherd,2022-11-02,F,38.0
P0064,C0032,Dog,Corgi,2017-03-07,M,
P0065,C0055,Dog,Mixed,2009-04-16,FS,7.8
P0066,C0034,Cat,Siamese,2016-04-04,F,29.9
P0067,C0040,Dog,Labrador,2010-12-09,F,38.8
P0068,C0027,Cat,Ragdoll,2014-09-07,M,8.0
P0069,C0023,Cat,Maine Coon,2018-05-23,FS,43.0
P0070,C0020,Cat,Tabby,,MN,4.7
P0071,C0109,Dog,Boxer,2012-05-27,MN,29.5
P0072,C0073,Cat,Siamese,2020-09-04,FS,34.2
P0073,C0011,Cat,Ragdoll,2011-08-14,F,31.3
P0074,C0129,Dog,Boxer,2021-12-03,M,0.2
P0075,C0025,Dog,Beagle,2012-01-02,FS,10.8
P0076,C0088,Cat,Domestic Shorthair,2022-06-05,FS,19.9
P0077,C0109,Dog,Boxer,2014-10-17,MN,34.1
P0078,C0102,Dog,Labrador,2022-03-30,M,5.0
P0079,C0012,Cat,Domestic Shorthair,2020-08-20,FS,40.3
P0080,C0093,Cat,Ragdoll,2011-07-31,F,17.0
P0081,C0129,Dog,Corgi,2018-09-05,M,44.1
P0082,C0116,Cat,Mixed,2015-03-02,F,16.9
P0083,C0026,Cat,Maine Coon,,FS,42.3
P0084,C0114,Dog,German Shepherd,2010-05-09,M,30.9
P0085,C0144,Dog,German Shepherd,2018-06-02,F,35.4
P0086,C0010,Dog,Pug,2010-10-02,MN,35.2
P0087,C0139,Cat,Maine Coon,2011-12-25,F,13.8
P0088,C0119,Dog,Corgi,2015-12-13,FS,15.7
P0089,C0041,Cat,Ragdoll,2019-07-20,FS,11.7
P0090,C0131,Dog,Boxer,2014-05-01,F,13.0
P0091,C0046,Cat,Mixed,2015-05-09,M,37.7
P0092,C0093,Dog,Pug,2010-02-24,M,10.1
P0093,C0098,Dog,Boxer,2016-03-16,MN,2.7
P0094,C0068,Dog,Goldendoodle,2010-02-12,F,12.3
P0095,C0033,Cat,Siamese,2009-02-14,MN,17.5
P0096,C0018,Cat,Ragdoll,2013-02-21,MN,17.9
P0097,C0130,Cat,Domestic Shorthair,2020-05-26,M,42.2
P0098,C0148,Cat,Siamese,2018-07-07,FS,12.6
P0099,C0091,Cat,Siamese,2009-04-13,FS,33.5
P0100,C0132,Cat,Maine Coon,2012-09-20,F,25.3
P0101,C0127,Dog,Labrador,2022-08-02,M,38.2
P0102,C0041,Dog,Goldendoodle,,FS,28.6
P0103,C0057,Cat,Mixed,,FS,
P0104,C0012,Cat,Tabby,,FS,41.1
P0105,C0039,Dog,Goldendoodle,2019-05-15,MN,13.5
P0106,C0085,Cat,Domestic Shorthair,2013-05-18,F,11.7
P0107,C0042,Dog,Labrador,2015-03-20,FS,0.0
P0108,C0141,Dog,Goldendoodle,2009-03-17,MN,38.9
P0109,C0005,Dog,Labrador,2010-12-17,FS,41.7
P0110,C0130,Cat,Tabby,2019-08-26,MN,
P0111,C0072,Dog,Beagle,2016-12-17,F,26.4
P0112,C0049,Cat,Mixed,2020-07-14,M,43.9
P0113,C0087,Dog,Goldendoodle,2021-12-20,MN,28.4
P0114,C0059,Cat,Siamese,2013-07-27,FS,25.8
P0115,C0082,Cat,Ragdoll,2015-02-24,M,14.7
P0116,C0124,Dog,Goldendoodle,2015-02-25,F,15.6
P0117,C0023,Dog,Goldendoodle,2013-09-12,MN,6.4
P0118,C0077,Dog,Beagle,2011-03-26,FS,5.9
P0119,C0117,Dog,Mixed,,FS,5.6
P0120,C0033,Dog,Beagle,2017-08-23,MN,8.3
P0121,C0143,Dog,Corgi,2012-10-24,M,42.6
P0122,C0118,Cat,Tabby,2020-08-20,MN,
P0123,C0033,Cat,Siamese,2016-04-13,FS,37.1
P0124,C0017,Dog,Pug,2019-03-03,FS,43.5
P0125,C0091,Cat,Siamese,2018-03-28,MN,37.1
P0126,C0052,Cat,Siamese,2019-03-12,F,25.7
P0127,C0098,Cat,Mixed,2017-02-20,M,36.2
P0128,C0141,Cat,Mixed,2016-11-18,F,8.6
P0129,C0121,Cat,Ragdoll,2010-04-06,FS,25.0
P0130,C0076,Cat,Tabby,2015-08-11,M,12.7
P0131,C0144,Cat,Maine Coon,2009-03-16,FS,16.3
P0132,C0031,Cat,Domestic Shorthair,2018-09-11,F,18.8
P0133,C0001,Dog,Mixed,2017-01-17,FS,5.7
P0134,C0101,Dog,Mixed,2019-01-13,FS,6.2
P0135,C0094,Cat,Siamese,2021-02-03,M,29.9
P0136,C0140,Dog,German Shepherd,2020-01-31,MN,43.2
P0137,C0082,Dog,Corgi,2013-12-24,FS,
P0138,C0007,Dog,Boxer,2018-11-09,F,32.3
P0139,C0083,Dog,Goldendoodle,2016-05-12,F,13.3
P0140,C0092,Cat,Tabby,2009-12-18,FS,17.0
P0141,C0061,Cat,Tabby,2017-01-01,M,15.5
P0142,C0052,Dog,Pug,2020-07-02,FS,7.9
P0143,C0082,Cat,Ragdoll,2011-08-15,F,23.1
P0144,C0092,Dog,Beagle,2009-10-12,M,42.9
P0145,C0034,Cat,Maine Coon,2011-01-29,FS,23.1
P0146,C0025,Cat,Ragdoll,2022-12-25,F,13.8
P0147,C0048,Cat,Maine Coon,2012-07-25,M,13.5
P0148,C0004,Cat,Tabby,2013-10-10,F,6.4
P0149,C0120,Dog,Pug,2015-11-09,M,44.7
P0150,C0096,Dog,German Shepherd,2009-12-26,FS,8.0
P0151,C0064,Dog,German Shepherd,2011-09-26,MN,9.2
P0152,C0020,Cat,Siamese,2012-02-19,M,34.3
P0153,C0143,Cat,Domestic Shorthair,2020-10-29,F,32.6
P0154,C0091,Dog,Corgi,2009-06-28,MN,18.1
P0155,C0106,Dog,Goldendoodle,2017-06-07,MN,23.0
P0156,C0048,Dog,Goldendoodle,2015-08-22,M,19.1
P0157,C0032,Cat,Maine Coon,2017-04-24,MN,7.6
P0158,C0069,Cat,Siamese,2009-08-18,FS,
P0159,C0037,Dog,Boxer,,FS,31.6
P0160,C0108,Dog,Pug,2017-07-12,M,12.8
P0161,C0025,Cat,Mixed,2009-08-23,MN,34.5
P0162,C0042,Cat,Mixed,2023-08-26,F,7.7
P0163,C0031,Dog,Boxer,,MN,44.5
P0164,C0134,Cat,Mixed,2018-07-16,FS,36.7
P0165,C0078,Dog,Mixed,2020-08-06,FS,34.4
P0166,C0094,Dog,Beagle,2023-06-26,F,33.1
P0167,C0100,Dog,Corgi,2021-09-23,M,7.3
P0168,C0007,Cat,Siamese,2020-07-15,F,5.6
P0169,C0001,Cat,Mixed,2016-11-27,F,23.9
P0170,C0054,Cat,Siamese,2018-04-22,FS,12.4
P0171,C0104,Dog,Labrador,2020-09-17,FS,26.4
P0172,C0061,Cat,Tabby,2022-01-14,M,2.6
P0173,C0064,Dog,Labrador,2014-09-30,MN,23.5
P0174,C0013,Cat,Ragdoll,2011-08-22,F,15.3
P0175,C0083,Dog,Beagle,2010-07-09,M,20.8
P0176,C0103,Dog,Labrador,2013-12-05,M,28.2
P0177,C0061,Cat,Mixed,2020-08-05,M,43.0
P0178,C0085,Cat,Maine Coon,2017-08-24,M,3.3
P0179,C0039,Cat,Siamese,2010-09-28,M,24.0
P0180,C0024,Dog,Boxer,2020-02-23,MN,40.5
P0181,C0088,Dog,German Shepherd,,M,22.3
P0182,C0126,Cat,Maine Coon,2022-11-18,FS,12.7
P0183,C0127,Cat,Siamese,2020-12-29,M,36.6
P0184,C0094,Dog,Corgi,2017-05-05,MN,25.8
P0185,C0035,Dog,Mixed,2016-11-09,F,27.4
P0186,C0116,Cat,Maine Coon,2018-03-05,F,
P0187,C0010,Cat,Domestic Shorthair,2009-05-30,M,2.1
P0188,C0109,Cat,Mixed,2011-10-16,F,43.3
P0189,C0042,Dog,Pug,2018-06-25,FS,18.0
P0190,C0022,Dog,Goldendoodle,2014-10-30,M,4.7
P0191,C0123,Dog,German Shepherd,2016-08-10,FS,33.6
P0192,C0003,Cat,Ragdoll,2019-02-16,F,27.1
P0193,C0025,Dog,Goldendoodle,2016-08-18,FS,17.4
P0194,C0109,Dog,Boxer,2020-12-25,M,31.5
P0195,C0051,Dog,German Shepherd,2018-02-08,MN,4.1
P0196,C0061,Cat,Siamese,,FS,25.9
P0197,C0047,Dog,Goldendoodle,2020-07-15,M,
P0198,C0118,Dog,Beagle,2015-04-29,M,13.1
P0199,C0030,Dog,Labrador,2009-03-09,FS,6.0
P0200,C0004,Cat,Domestic Shorthair,2022-07-16,F,20.6
